﻿"index";"dataschema_variable";"valueType";"ss_table";"ss_variables";"Mlstr_harmo::rule_category";"Mlstr_harmo::algorithm";"Mlstr_harmo::comment";"Mlstr_harmo::status";"Mlstr_harmo::status_detail"
"1";"adm_unique_id";"text";"dataset_MELBOURNE_1";"id";"id_creation";"id";;"complete";"identical"
"1";"adm_unique_id";"text";"dataset_MELBOURNE_2";"id";"id_creation";"id";;"complete";"identical"
"1";"adm_unique_id";"text";"dataset_PARIS";"ID";"id_creation";"ID";;"complete";"identical"
"1";"adm_unique_id";"text";"dataset_TOKYO";"part_id";"id_creation";"part_id";;"complete";"identical"
"2";"adm_study";"text";"dataset_MELBOURNE_1";"__BLANK__";"paste";"""MELBOURNE""";;"complete";"unknown"
"2";"adm_study";"text";"dataset_MELBOURNE_2";"__BLANK__";"paste";"""MELBOURNE""";;"complete";"unknown"
"2";"adm_study";"text";"dataset_PARIS";"__BLANK__";"paste";"""PARIS""";;"complete";"unknown"
"2";"adm_study";"text";"dataset_TOKYO";"__BLANK__";"paste";"""TOKYO""";;"complete";"unknown"
"3";"adm_year_dce";"text";"dataset_MELBOURNE_1";"__BLANK__";"paste";"2007";;"complete";"unknown"
"3";"adm_year_dce";"text";"dataset_MELBOURNE_2";"__BLANK__";"paste";"2007";;"complete";"unknown"
"3";"adm_year_dce";"text";"dataset_PARIS";"__BLANK__";"paste";"2015";;"complete";"unknown"
"3";"adm_year_dce";"text";"dataset_TOKYO";"__BLANK__";"paste";"2016";;"complete";"unknown"
"4";"sdc_age";"integer";"dataset_MELBOURNE_1";"age";"recode";"recode(-888 = NA)";;"complete";"compatible"
"4";"sdc_age";"integer";"dataset_MELBOURNE_2";"__BLANK__";"impossible";"impossible";;"impossible";"unavailable"
"4";"sdc_age";"integer";"dataset_PARIS";"AGE";"direct_mapping";"direct_mapping";;"complete";"identical"
"4";"sdc_age";"integer";"dataset_TOKYO";"dob";"operation";"2016 - lubridate::year(fabR::as_any_date(dob,""mdy""))";;"complete";"identical"
"5";"sdc_gender";"integer";"dataset_MELBOURNE_1";"Gender";"direct_mapping";"direct_mapping";;"complete";"identical"
"5";"sdc_gender";"integer";"dataset_MELBOURNE_2";"__BLANK__";"impossible";"impossible";;"impossible";"unavailable"
"5";"sdc_gender";"integer";"dataset_PARIS";"SEX";"recode";"recode(0 = 1 ; 1 = 2 ; ELSE = NA)";;"complete";"identical"
"5";"sdc_gender";"integer";"dataset_TOKYO";"gndr";"recode";"recode(""Male"" = 1 ; ""Female"" = 2 ; ELSE = NA)";;"complete";"identical"
"6";"phy_height";"decimal";"dataset_MELBOURNE_1";"__BLANK__";"impossible";"impossible";;"impossible";"unavailable"
"6";"phy_height";"decimal";"dataset_MELBOURNE_2";"__BLANK__";"impossible";"impossible";;"impossible";"unavailable"
"6";"phy_height";"decimal";"dataset_PARIS";"__BLANK__";"impossible";"impossible";;"impossible";"unavailable"
"6";"phy_height";"decimal";"dataset_TOKYO";"height";"direct_mapping";"direct_mapping";;"complete";"identical"
"7";"phy_weight";"decimal";"dataset_MELBOURNE_1";"__BLANK__";"impossible";"impossible";;"impossible";"unavailable"
"7";"phy_weight";"decimal";"dataset_MELBOURNE_2";"__BLANK__";"impossible";"impossible";;"impossible";"unavailable"
"7";"phy_weight";"decimal";"dataset_PARIS";"__BLANK__";"impossible";"impossible";;"impossible";"unavailable"
"7";"phy_weight";"decimal";"dataset_TOKYO";"weight_ms ; weight_dc";"case_when";"case_when(
    weight_ms == -88  ~ NA_real_ ;
    is.na(weight_ms) ~ weight_dc ;
    is.na(weight_dc)  ~ weight_ms ;
    ELSE ~ NA_real_ )";;"complete";"identical"
"8";"phy_bmi";"decimal";"dataset_MELBOURNE_1";"BMI";"direct_mapping";"direct_mapping";;"complete";"identical"
"8";"phy_bmi";"decimal";"dataset_MELBOURNE_2";"__BLANK__";"impossible";"impossible";;"impossible";"unavailable"
"8";"phy_bmi";"decimal";"dataset_PARIS";"BMI";"direct_mapping";"direct_mapping";;"complete";"identical"
"8";"phy_bmi";"decimal";"dataset_TOKYO";"height ; weight_ms ; weight_dc";"case_when";"case_when( 
    weight_ms == -88  ~ NA_real_ ;
    is.na(weight_ms)  ~ as.numeric(weight_dc) / (as.numeric(height)/100)^2 ;
    is.na(weight_dc)   ~ as.numeric(weight_ms) / (as.numeric(height)/100)^2 ;
    ELSE ~ NA_real_ )";;"complete";"identical"
"9";"rep_preg_ever";"integer";"dataset_MELBOURNE_1";"__BLANK__";"impossible";"impossible";;"impossible";"unavailable"
"9";"rep_preg_ever";"integer";"dataset_MELBOURNE_2";"__BLANK__";"impossible";"impossible";;"impossible";"incompatible"
"9";"rep_preg_ever";"integer";"dataset_PARIS";"PRG_EVER ; SEX";"case_when";"case_when(
    SEX == 0 ~ NA_character_ ;
    PRG_EVER == 0 ~ ""0"" ;
    PRG_EVER == 1 ~ ""1"" ;
    ELSE ~ NA_character_ )";;"complete";"identical"
"9";"rep_preg_ever";"integer";"dataset_TOKYO";"prg_ever";"recode";"recode(0 = 0 ; 1 = 1 ; 2 = 1 ; ELSE = NA)";;"complete";"identical"
"10";"rep_preg_curr";"integer";"dataset_MELBOURNE_1";"__BLANK__";"impossible";"impossible";;"impossible";"unavailable"
"10";"rep_preg_curr";"integer";"dataset_MELBOURNE_2";"prg_curr";"recode";"recode(0 = 0 ; 1 = 1 ; ELSE = NA)";;"complete";"identical"
"10";"rep_preg_curr";"integer";"dataset_PARIS";"__BLANK__";"impossible";"impossible";;"impossible";"incompatible"
"10";"rep_preg_curr";"integer";"dataset_TOKYO";"prg_ever";"recode";"recode(0 = 0 ; 1 = 0 ; 2 = 1 ; ELSE = NA)";;"complete";"identical"
"11";"lsb_smo_ever";"integer";"dataset_MELBOURNE_1";"__BLANK__";"impossible";"impossible";;"impossible";"unavailable"
"11";"lsb_smo_ever";"integer";"dataset_MELBOURNE_2";"smo_status";"recode";"recode(1 = 0 ; 3 = 1 ; 2 = 1 ; ELSE = NA)";;"complete";"identical"
"11";"lsb_smo_ever";"integer";"dataset_PARIS";"__BLANK__";"impossible";"impossible";;"impossible";"incompatible"
"11";"lsb_smo_ever";"integer";"dataset_TOKYO";"__BLANK__";"impossible";"impossible";;"impossible";"unavailable"
"12";"lsb_smo_curr";"integer";"dataset_MELBOURNE_1";"__BLANK__";"impossible";"impossible";;"impossible";"unavailable"
"12";"lsb_smo_curr";"integer";"dataset_MELBOURNE_2";"smo_status";"recode";"recode(1 = 0 ; 3 = 0 ; 2 = 1 ; ELSE = NA)";;"complete";"identical"
"12";"lsb_smo_curr";"integer";"dataset_PARIS";"__BLANK__";"impossible";"impossible";;"impossible";"incompatible"
"12";"lsb_smo_curr";"integer";"dataset_TOKYO";"__BLANK__";"impossible";"impossible";;"impossible";"unavailable"
"13";"lsb_smo_status";"integer";"dataset_MELBOURNE_1";"__BLANK__";"impossible";"impossible";;"impossible";"unavailable"
"13";"lsb_smo_status";"integer";"dataset_MELBOURNE_2";"smo_status";"recode";"recode(1 = 0 ; 3 = 1 ; 2 = 2 ; ELSE = NA)";;"complete";"identical"
"13";"lsb_smo_status";"integer";"dataset_PARIS";"__BLANK__";"impossible";"impossible";;"impossible";"incompatible"
"13";"lsb_smo_status";"integer";"dataset_TOKYO";"__BLANK__";"impossible";"impossible";;"impossible";"unavailable"
