﻿"index";"dataschema_variable";"valueType";"ss_table";"ss_variables";"Mlstr::rule_category";"Mlstr::algorithm";"Mlstr::comment";"Mlstr::status";"ss_dataschema_table";"ss_acronym";"ss_format";"ss_time_period";"ss_time_collection";"ss_source_information";"ss_informant";"ss_keywords";"Mlstr::status_detail";"comment_internal"
"1";"adm_unique_id";"text";"dataset_MELBOURNE_1";"id";"id_creation";"id";;"complete";"harmonized.dataset_MELBOURNE_1";"MELBOURNE";;;;;;;;
"1";"adm_unique_id";"text";"dataset_MELBOURNE_2";"id";"id_creation";"id";;"complete";"harmonized.dataset_MELBOURNE_2";"MELBOURNE";;;;;;;;
"1";"adm_unique_id";"text";"dataset_PARIS";"ID";"id_creation";"ID";;"complete";"harmonized.dataset_PARIS";"PARIS";;;;;;;;
"1";"adm_unique_id";"text";"dataset_TOKYO";"part_id";"id_creation";"part_id";;"complete";"harmonized.dataset_TOKYO";"TOKYO";;;;;;;;
"2";"adm_study";"text";"dataset_MELBOURNE_1";"__BLANK__";"paste";"""MELBOURNE""";;"complete";"harmonized.dataset_MELBOURNE_1";"MELBOURNE";;;;;;;;
"2";"adm_study";"text";"dataset_MELBOURNE_2";"__BLANK__";"paste";"""MELBOURNE""";;"complete";"harmonized.dataset_MELBOURNE_2";"MELBOURNE";;;;;;;;
"2";"adm_study";"text";"dataset_PARIS";"__BLANK__";"paste";"""PARIS""";;"complete";"harmonized.dataset_PARIS";"PARIS";;;;;;;;
"2";"adm_study";"text";"dataset_TOKYO";"__BLANK__";"paste";"""TOKYO""";;"complete";"harmonized.dataset_TOKYO";"TOKYO";;;;;;;;
"3";"adm_year_dce";"text";"dataset_MELBOURNE_1";"__BLANK__";"paste";"2007";;"complete";"harmonized.dataset_MELBOURNE_1";"MELBOURNE";;;;;;;;
"3";"adm_year_dce";"text";"dataset_MELBOURNE_2";"__BLANK__";"paste";"2007";;"complete";"harmonized.dataset_MELBOURNE_2";"MELBOURNE";;;;;;;;
"3";"adm_year_dce";"text";"dataset_PARIS";"__BLANK__";"paste";"2015";;"complete";"harmonized.dataset_PARIS";"PARIS";;;;;;;;
"3";"adm_year_dce";"text";"dataset_TOKYO";"__BLANK__";"paste";"2016";;"complete";"harmonized.dataset_TOKYO";"TOKYO";;;;;;;;
"4";"sdc_age";"integer";"dataset_MELBOURNE_1";"age";"recode";"recode(-888 = NA)";;"complete";"harmonized.dataset_MELBOURNE_1";"MELBOURNE";;;;;;;;
"4";"sdc_age";"integer";"dataset_MELBOURNE_2";"__BLANK__";"impossible";"impossible";;"impossible";"harmonized.dataset_MELBOURNE_2";"MELBOURNE";;;;;;;;
"4";"sdc_age";"integer";"dataset_PARIS";"AGE";"direct_mapping";"direct_mapping";;"complete";"harmonized.dataset_PARIS";"PARIS";;;;;;;;
"4";"sdc_age";"integer";"dataset_TOKYO";"dob";"operation";"2016 - year(fabR::as_any_date(dob,""mdy""))";;"complete";"harmonized.dataset_TOKYO";"TOKYO";;;;;;;;
"5";"sdc_gender";"integer";"dataset_MELBOURNE_1";"Gender";"direct_mapping";"direct_mapping";;"complete";"harmonized.dataset_MELBOURNE_1";"MELBOURNE";;;;;;;;
"5";"sdc_gender";"integer";"dataset_MELBOURNE_2";"__BLANK__";"impossible";"impossible";;"impossible";"harmonized.dataset_MELBOURNE_2";"MELBOURNE";;;;;;;;
"5";"sdc_gender";"integer";"dataset_PARIS";"SEX";"recode";"recode(0 = 1 ; 1 = 2 ; ELSE = NA)";;"complete";"harmonized.dataset_PARIS";"PARIS";;;;;;;;
"5";"sdc_gender";"integer";"dataset_TOKYO";"gndr";"recode";"recode(""Male"" = 1 ; ""Female"" = 2 ; ELSE = NA)";;"complete";"harmonized.dataset_TOKYO";"TOKYO";;;;;;;;
"6";"phy_height";"decimal";"dataset_MELBOURNE_1";"__BLANK__";"impossible";"impossible";;"impossible";"harmonized.dataset_MELBOURNE_1";"MELBOURNE";;;;;;;;
"6";"phy_height";"decimal";"dataset_MELBOURNE_2";"__BLANK__";"impossible";"impossible";;"impossible";"harmonized.dataset_MELBOURNE_2";"MELBOURNE";;;;;;;;
"6";"phy_height";"decimal";"dataset_PARIS";"__BLANK__";"impossible";"impossible";;"impossible";"harmonized.dataset_PARIS";"PARIS";;;;;;;;
"6";"phy_height";"decimal";"dataset_TOKYO";"height";"direct_mapping";"direct_mapping";;"complete";"harmonized.dataset_TOKYO";"TOKYO";;;;;;;;
"7";"phy_weight";"decimal";"dataset_MELBOURNE_1";"__BLANK__";"impossible";"impossible";;"impossible";"harmonized.dataset_MELBOURNE_1";"MELBOURNE";;;;;;;;
"7";"phy_weight";"decimal";"dataset_MELBOURNE_2";"__BLANK__";"impossible";"impossible";;"impossible";"harmonized.dataset_MELBOURNE_2";"MELBOURNE";;;;;;;;
"7";"phy_weight";"decimal";"dataset_PARIS";"__BLANK__";"impossible";"impossible";;"impossible";"harmonized.dataset_PARIS";"PARIS";;;;;;;;
"7";"phy_weight";"decimal";"dataset_TOKYO";"weight_ms ; weight_dc";"case_when";"case_when(
    weight_ms == -88  ~ NA_real_ ;
    is.na(weight_ms) ~ weight_dc ;
    is.na(weight_dc)  ~ weight_ms ;
    ELSE ~ NA_real_ )";;"complete";"harmonized.dataset_TOKYO";"TOKYO";;;;;;;;
"8";"phy_bmi";"decimal";"dataset_MELBOURNE_1";"BMI";"direct_mapping";"direct_mapping";;"complete";"harmonized.dataset_MELBOURNE_1";"MELBOURNE";;;;;;;;
"8";"phy_bmi";"decimal";"dataset_MELBOURNE_2";"__BLANK__";"impossible";"impossible";;"impossible";"harmonized.dataset_MELBOURNE_2";"MELBOURNE";;;;;;;;
"8";"phy_bmi";"decimal";"dataset_PARIS";"BMI";"direct_mapping";"direct_mapping";;"complete";"harmonized.dataset_PARIS";"PARIS";;;;;;;;
"8";"phy_bmi";"decimal";"dataset_TOKYO";"height ; weight_ms ; weight_dc";"case_when";"case_when( 
    weight_ms == -88  ~ NA_real_ ;
    is.na(weight_ms)  ~ as.numeric(weight_dc) / (as.numeric(height)/100)^2 ;
    is.na(weight_dc)   ~ as.numeric(weight_ms) / (as.numeric(height)/100)^2 ;
    ELSE ~ NA_real_ )";;"complete";"harmonized.dataset_TOKYO";"TOKYO";;;;;;;;
"9";"rep_preg_ever";"integer";"dataset_MELBOURNE_1";"__BLANK__";"impossible";"impossible";;"impossible";"harmonized.dataset_MELBOURNE_1";"MELBOURNE";;;;;;;;
"9";"rep_preg_ever";"integer";"dataset_MELBOURNE_2";"__BLANK__";"impossible";"impossible";;"impossible";"harmonized.dataset_MELBOURNE_2";"MELBOURNE";;;;;;;;
"9";"rep_preg_ever";"integer";"dataset_PARIS";"PRG_EVER ; SEX";"case_when";"case_when(
    SEX == 0 ~ NA_character_ ;
    PRG_EVER == 0 ~ ""0"" ;
    PRG_EVER == 1 ~ ""1"" ;
    ELSE ~ NA_character_ )";;"complete";"harmonized.dataset_PARIS";"PARIS";;;;;;;;
"9";"rep_preg_ever";"integer";"dataset_TOKYO";"prg_ever";"recode";"recode(0 = 0 ; 1 = 1 ; 2 = 1 ; ELSE = NA)";;"complete";"harmonized.dataset_TOKYO";"TOKYO";;;;;;;;
"10";"rep_preg_curr";"integer";"dataset_MELBOURNE_1";"__BLANK__";"impossible";"impossible";;"impossible";"harmonized.dataset_MELBOURNE_1";"MELBOURNE";;;;;;;;
"10";"rep_preg_curr";"integer";"dataset_MELBOURNE_2";"prg_curr";"recode";"recode(0 = 0 ; 1 = 1 ; ELSE = NA)";;"complete";"harmonized.dataset_MELBOURNE_2";"MELBOURNE";;;;;;;;
"10";"rep_preg_curr";"integer";"dataset_PARIS";"__BLANK__";"impossible";"impossible";;"impossible";"harmonized.dataset_PARIS";"PARIS";;;;;;;;
"10";"rep_preg_curr";"integer";"dataset_TOKYO";"prg_ever";"recode";"recode(0 = 0 ; 1 = 0 ; 2 = 1 ; ELSE = NA)";;"complete";"harmonized.dataset_TOKYO";"TOKYO";;;;;;;;
"11";"lsb_smo_ever";"integer";"dataset_MELBOURNE_1";"__BLANK__";"impossible";"impossible";;"impossible";"harmonized.dataset_MELBOURNE_1";"MELBOURNE";;;;;;;;
"11";"lsb_smo_ever";"integer";"dataset_MELBOURNE_2";"smo_status";"recode";"recode(1 = 0 ; 3 = 1 ; 2 = 1 ; ELSE = NA)";;"complete";"harmonized.dataset_MELBOURNE_2";"MELBOURNE";;;;;;;;
"11";"lsb_smo_ever";"integer";"dataset_PARIS";"__BLANK__";"impossible";"impossible";;"impossible";"harmonized.dataset_PARIS";"PARIS";;;;;;;;
"11";"lsb_smo_ever";"integer";"dataset_TOKYO";"__BLANK__";"impossible";"impossible";;"impossible";"harmonized.dataset_TOKYO";"TOKYO";;;;;;;;
"12";"lsb_smo_curr";"integer";"dataset_MELBOURNE_1";"__BLANK__";"impossible";"impossible";;"impossible";"harmonized.dataset_MELBOURNE_1";"MELBOURNE";;;;;;;;
"12";"lsb_smo_curr";"integer";"dataset_MELBOURNE_2";"smo_status";"recode";"recode(1 = 0 ; 3 = 0 ; 2 = 1 ; ELSE = NA)";;"complete";"harmonized.dataset_MELBOURNE_2";"MELBOURNE";;;;;;;;
"12";"lsb_smo_curr";"integer";"dataset_PARIS";"__BLANK__";"impossible";"impossible";;"impossible";"harmonized.dataset_PARIS";"PARIS";;;;;;;;
"12";"lsb_smo_curr";"integer";"dataset_TOKYO";"__BLANK__";"impossible";"impossible";;"impossible";"harmonized.dataset_TOKYO";"TOKYO";;;;;;;;
"13";"lsb_smo_status";"integer";"dataset_MELBOURNE_1";"__BLANK__";"impossible";"impossible";;"impossible";"harmonized.dataset_MELBOURNE_1";"MELBOURNE";;;;;;;;
"13";"lsb_smo_status";"integer";"dataset_MELBOURNE_2";"smo_status";"recode";"recode(1 = 0 ; 3 = 1 ; 2 = 2 ; ELSE = NA)";;"complete";"harmonized.dataset_MELBOURNE_2";"MELBOURNE";;;;;;;;
"13";"lsb_smo_status";"integer";"dataset_PARIS";"__BLANK__";"impossible";"impossible";;"impossible";"harmonized.dataset_PARIS";"PARIS";;;;;;;;
"13";"lsb_smo_status";"integer";"dataset_TOKYO";"__BLANK__";"impossible";"impossible";;"impossible";"harmonized.dataset_TOKYO";"TOKYO";;;;;;;;
